{
  "collapse-filter": false,
  "search": "",
  "showTags": false,
  "showAttachments": false,
  "hideUnresolved": false,
  "showOrphans": true,
  "collapse-color-groups": false,
  "colorGroups": [],
  "collapse-display": false,
  "showArrow": false,
  "textFadeMultiplier": -0.7,
  "nodeSizeMultiplier": 1.49357199893532,
  "lineSizeMultiplier": 0.55030335474661,
  "collapse-forces": false,
  "centerStrength": 0.412294789436117,
  "repelStrength": 11.5078515346181,
  "linkStrength": 1,
  "linkDistance": 250,
  "scale": 1.0942969414954624,
  "close": true
}