{
  "app:toggle-right-sidebar": [
    {
      "modifiers": [
        "Alt",
        "Mod"
      ],
      "key": "0"
    }
  ],
  "app:toggle-left-sidebar": [
    {
      "modifiers": [
        "Mod"
      ],
      "key": "0"
    }
  ],
  "workspace:goto-tab-1": [
    {
      "modifiers": [
        "Alt",
        "Mod"
      ],
      "key": "1"
    }
  ],
  "file-explorer:open": [
    {
      "modifiers": [
        "Mod"
      ],
      "key": "1"
    }
  ],
  "theme:use-light": [
    {
      "modifiers": [
        "Mod",
        "Shift"
      ],
      "key": "A"
    }
  ],
  "theme:use-dark": [
    {
      "modifiers": [
        "Alt",
        "Mod",
        "Shift"
      ],
      "key": "A"
    }
  ],
  "file-explorer:reveal-active-file": [
    {
      "modifiers": [
        "Mod",
        "Shift"
      ],
      "key": "J"
    }
  ],
  "app:go-back": [
    {
      "modifiers": [
        "Alt",
        "Mod"
      ],
      "key": "ArrowLeft"
    }
  ],
  "app:go-forward": [
    {
      "modifiers": [
        "Alt",
        "Mod"
      ],
      "key": "ArrowRight"
    }
  ]
}