{
  "main": {
    "id": "d3b86596335e8662",
    "type": "split",
    "children": [
      {
        "id": "f563ba740f844ad2",
        "type": "tabs",
        "children": [
          {
            "id": "3083d25937e61388",
            "type": "leaf",
            "state": {
              "type": "markdown",
              "state": {
                "file": "SwiftfulThinking/SwiftUI_Concurrency/Continuations.md",
                "mode": "source",
                "source": false
              }
            }
          }
        ]
      }
    ],
    "direction": "vertical"
  },
  "left": {
    "id": "4805348b663e0f59",
    "type": "mobile-drawer",
    "children": [
      {
        "id": "0b27eced4b2a517d",
        "type": "leaf",
        "state": {
          "type": "file-explorer",
          "state": {
            "sortOrder": "byCreatedTimeReverse"
          }
        }
      },
      {
        "id": "1f9a149b1d928b50",
        "type": "leaf",
        "state": {
          "type": "search",
          "state": {
            "query": "",
            "matchingCase": false,
            "explainSearch": false,
            "collapseAll": false,
            "extraContext": false,
            "sortOrder": "alphabetical"
          }
        }
      },
      {
        "id": "4e2f662949840414",
        "type": "leaf",
        "state": {
          "type": "tag",
          "state": {
            "sortOrder": "frequency",
            "useHierarchy": true
          }
        }
      },
      {
        "id": "8c59aa8e9733d1db",
        "type": "leaf",
        "state": {
          "type": "bookmarks",
          "state": {}
        }
      },
      {
        "id": "ab583d77135a29c0",
        "type": "leaf",
        "state": {
          "type": "all-properties",
          "state": {
            "sortOrder": "frequency"
          }
        }
      }
    ],
    "currentTab": 0
  },
  "right": {
    "id": "e57e486784f0527f",
    "type": "mobile-drawer",
    "children": [
      {
        "id": "becb8c583225138d",
        "type": "leaf",
        "state": {
          "type": "backlink",
          "state": {
            "file": "SwiftfulThinking/SwiftUI_Concurrency/Continuations.md",
            "collapseAll": false,
            "extraContext": false,
            "sortOrder": "alphabetical",
            "showSearch": false,
            "searchQuery": "",
            "backlinkCollapsed": false,
            "unlinkedCollapsed": true
          }
        }
      },
      {
        "id": "e0ab27c72f5271b9",
        "type": "leaf",
        "state": {
          "type": "outgoing-link",
          "state": {
            "file": "SwiftfulThinking/SwiftUI_Concurrency/Continuations.md",
            "linksCollapsed": false,
            "unlinkedCollapsed": true
          }
        }
      },
      {
        "id": "3147a5984c29d969",
        "type": "leaf",
        "state": {
          "type": "outline",
          "state": {
            "file": "SwiftfulThinking/SwiftUI_Concurrency/Continuations.md"
          }
        }
      }
    ],
    "currentTab": 0
  },
  "left-ribbon": {
    "hiddenItems": {
      "switcher:Open quick switcher": false,
      "graph:Open graph view": false,
      "canvas:Create new canvas": false,
      "daily-notes:Open today's daily note": false,
      "templates:Insert template": false,
      "command-palette:Open command palette": false
    }
  },
  "active": "3083d25937e61388",
  "lastOpenFiles": [
    "PastedImages/Pasted image 20230715092151.png",
    "SwiftfulThinking/SwiftUI_Concurrency/Do, Try, Catch, Throws.md",
    "PastedImages/Pasted image 20230714004821.png",
    "PastedImages/Pasted image 20230714004458.png",
    "PastedImages/Pasted image 20230714004316.png",
    "PastedImages/Pasted image 20230714012040.png",
    "PastedImages/Pasted image 20230714012002.png",
    "PastedImages/Pasted image 20230714005524.png",
    "PastedImages/Pasted image 20230714005306.png",
    "PastedImages/Pasted image 20230714004947.png",
    "PastedImages/Pasted image 20230714004739.png",
    "PastedImages/Pasted image 20230714005056.png",
    "SwiftfulThinking/SwiftUI_Concurrency/How to use MVVM with Async Await.md",
    "SwiftfulThinking/SwiftUI_Firebase/Firebase Analytics.md",
    "SwiftfulThinking/SwiftUI_Concurrency/Searchable, Search Suggestions, Search Scopes.md",
    "Kanban.md",
    "SwiftfulThinking/SwiftUI_Concurrency/Refreshable.md",
    "SwiftfulThinking/도움 되는 사이트.md",
    "SwiftfulThinking/About SwiftUI Xcode.md",
    "SwiftfulThinking/SwiftUI_Beginner/Text.md",
    "SwiftfulThinking/SwiftUI_Firebase/Firebase Security Rules.md",
    "Developer Apple/WWDC23_Korean/WWDC23_KOREAN.md",
    "EnvironmentObject Performance.md",
    "Stop using MVVM for SwiftUI.md",
    "SwiftfulThinking/SwiftUI_Firebase/Firebase Crashlytics.md",
    "SwiftfulThinking/SwiftUI_Firebase/Firestore Sub-Collections.md",
    "Developer Apple/WWDC22/Swift Async 알고리즘.md",
    "SwiftfulThinking/SwiftUI_Firebase/Firestore Sorting, Filtering and Querying in iOS.md",
    "SwiftfulThinking/SwiftUI_Firebase/Set Up Profiles in Firebase Firestore.md",
    "SwiftfulThinking/SwiftUI_Firebase/Fetching Multiple Documents in Firestore with Swift.md",
    "SwiftfulThinking/SwiftUI_Firebase/Firestore Pagination.md",
    "SwiftfulThinking/SwiftUI_Firebase/Firebase Firestore Maps and Arrays.md",
    "SwiftfulThinking/SwiftUI_Firebase/Fetching Firebase Firestore data with Codable.md",
    "SwiftfulThinking/SwiftUI_Firebase/Real-time data updates in Firestore.md",
    "REST API.md",
    "Developer Apple/WWDC22/SwiftUI Charts.md",
    "Xcode 미세팁",
    "Swift Server Side/Vapor",
    "Swift Server Side",
    "Developer Apple/Apple Documentation",
    "SwiftfulThinking/SwiftUI_Firebase"
  ]
}