{
  "main": {
    "id": "c6be50933b177cca",
    "type": "split",
    "children": [
      {
        "id": "fa8dcd6bf22aabe9",
        "type": "tabs",
        "children": [
          {
            "id": "d72c49bd0dc2180b",
            "type": "leaf",
            "state": {
              "type": "markdown",
              "state": {
                "file": "Developer Apple/The Swift Programming Language/API Design Guidelines.md",
                "mode": "source",
                "source": false
              }
            }
          },
          {
            "id": "dbafc864e89d7497",
            "type": "leaf",
            "state": {
              "type": "markdown",
              "state": {
                "file": "Developer Apple/WWDC22/Build global apps- Localization by example.md",
                "mode": "source",
                "source": false
              }
            }
          },
          {
            "id": "ec669810f95b45dc",
            "type": "leaf",
            "state": {
              "type": "markdown",
              "state": {
                "file": "주간 스티브 뉴스/글 작성 거리들.md",
                "mode": "source",
                "source": false
              }
            }
          },
          {
            "id": "b80deab7a3faa6d4",
            "type": "leaf",
            "state": {
              "type": "markdown",
              "state": {
                "file": "Developer Apple/WWDC22/Build global apps- Localization by example.md",
                "mode": "source",
                "source": false
              }
            }
          },
          {
            "id": "37146ff337258dff",
            "type": "leaf",
            "state": {
              "type": "markdown",
              "state": {
                "file": "YoutubeSwiftUI/23년을 빛내준 무료 맥앱 추천.md",
                "mode": "source",
                "source": false
              }
            }
          }
        ],
        "currentTab": 4
      }
    ],
    "direction": "vertical"
  },
  "left": {
    "id": "97ae7c746c6c2907",
    "type": "split",
    "children": [
      {
        "id": "0d47ff34699190f4",
        "type": "tabs",
        "children": [
          {
            "id": "12e17c5ee1e9e416",
            "type": "leaf",
            "state": {
              "type": "file-explorer",
              "state": {
                "sortOrder": "byCreatedTime"
              }
            }
          },
          {
            "id": "9256410798d6902a",
            "type": "leaf",
            "state": {
              "type": "search",
              "state": {
                "query": "Localization",
                "matchingCase": false,
                "explainSearch": false,
                "collapseAll": false,
                "extraContext": false,
                "sortOrder": "alphabetical"
              }
            }
          },
          {
            "id": "3d3f18b485f007ab",
            "type": "leaf",
            "state": {
              "type": "bookmarks",
              "state": {}
            }
          }
        ]
      }
    ],
    "direction": "horizontal",
    "width": 293.5024719238281
  },
  "right": {
    "id": "bb9cc3d1d288bf28",
    "type": "split",
    "children": [
      {
        "id": "43c16a1610d9f976",
        "type": "tabs",
        "children": [
          {
            "id": "e361c3d66315e340",
            "type": "leaf",
            "state": {
              "type": "backlink",
              "state": {
                "file": "YoutubeSwiftUI/23년을 빛내준 무료 맥앱 추천.md",
                "collapseAll": true,
                "extraContext": false,
                "sortOrder": "alphabetical",
                "showSearch": true,
                "searchQuery": "",
                "backlinkCollapsed": false,
                "unlinkedCollapsed": false
              }
            }
          },
          {
            "id": "48ad403db68527e1",
            "type": "leaf",
            "state": {
              "type": "outgoing-link",
              "state": {
                "file": "YoutubeSwiftUI/23년을 빛내준 무료 맥앱 추천.md",
                "linksCollapsed": false,
                "unlinkedCollapsed": true
              }
            }
          },
          {
            "id": "bf064999725f0fba",
            "type": "leaf",
            "state": {
              "type": "tag",
              "state": {
                "sortOrder": "frequency",
                "useHierarchy": true
              }
            }
          },
          {
            "id": "00dc33ada0c24d65",
            "type": "leaf",
            "state": {
              "type": "outline",
              "state": {
                "file": "YoutubeSwiftUI/23년을 빛내준 무료 맥앱 추천.md"
              }
            }
          },
          {
            "id": "1c64a36ad36218a6",
            "type": "leaf",
            "state": {
              "type": "all-properties",
              "state": {
                "sortOrder": "frequency"
              }
            }
          }
        ]
      }
    ],
    "direction": "horizontal",
    "width": 300,
    "collapsed": true
  },
  "left-ribbon": {
    "hiddenItems": {
      "switcher:Open quick switcher": false,
      "graph:Open graph view": false,
      "canvas:Create new canvas": false,
      "daily-notes:Open today's daily note": false,
      "templates:Insert template": false,
      "command-palette:Open command palette": false
    }
  },
  "active": "37146ff337258dff",
  "lastOpenFiles": [
    "YoutubeSwiftUI/23년을 빛내준 무료 맥앱 추천.md",
    "Developer Apple/WWDC22/Build global apps- Localization by example.md",
    "Developer Apple/WWDC17/Modernizing GCD Usage.md",
    "Developer Apple/WWDC15/Building Responsive and Efficient Apps with GCD.md",
    "주간 스티브 뉴스/글 작성 거리들.md",
    "Developer Apple/WWDC21/Elevate your DocC documentation in Xcode.md",
    "Developer Apple/WWDC21/What's new in Swift.md",
    "Developer Apple/The Swift Programming Language/API Design Guidelines.md",
    "Developer Apple/전문가와의 만남/Part 2.md",
    "Developer Apple/전문가와의 만남/비전프로 전문가와의 만남.md",
    "YoutubeSwiftUI/Swift and Tips Youtube/AsyncAwait in Swift.md",
    "PastedImages/Pasted image 20231208154245.png",
    "PastedImages/Pasted image 20231208153258.png",
    "Developer Apple/WWDC21/Swift concurrency_Behind the scenes.md",
    "Developer Apple/WWDC19/SwiftUI essentials.md",
    "App essentials in SwiftUI.md",
    "YoutubeSwiftUI/유튜브 글감/NavigationStack.md",
    "Developer Apple/WWDC21/Meet async await in Swift.md",
    "YoutubeSwiftUI/Untitled.md",
    "PastedImages/Pasted image 20231208141226.png",
    "PastedImages/Pasted image 20231208140500.png",
    "Developer Apple/WWDC19/Modern Swift API Design.md",
    "Developer Apple/WWDC19/Data Flow Through SwiftUI.md",
    "YoutubeSwiftUI/기초챕터/@Binding.md",
    "PastedImages/Pasted image 20231207192703.png",
    "YoutubeSwiftUI/기초챕터/struct 와 class의 차이점.md",
    "Developer Apple/WWDC23_iOS 17/Discover String Catalogs.md",
    "PastedImages/Pasted image 20231207181539.png",
    "PastedImages/Pasted image 20231207181452.png",
    "PastedImages/Pasted image 20231207181348.png",
    "PastedImages/Pasted image 20231207181223.png",
    "PastedImages/Pasted image 20231207181019.png",
    "YoutubeSwiftUI/기초챕터/03-@State와 뷰✅.md",
    "YoutubeSwiftUI/기초챕터/02-뷰에 구멍 뚫기✅.md",
    "YoutubeSwiftUI/기초챕터/01-뷰 그리기 연습✅.md",
    "YoutubeSwiftUI/기초챕터/챕터.md",
    "Untitled",
    "Apple 생태계를 위하여",
    "Developer Apple/Tech Talks",
    "Developer Apple/WWDC19/Untitled",
    "Developer Apple/전문가와의 만남",
    "POINT FREE/Enums and Structs/Untitled",
    "POINT FREE/Enums and Structs",
    "YoutubeSwiftUI/Untitled/Untitled",
    "YoutubeSwiftUI/기초챕터",
    "YoutubeSwiftUI/유튜브 글감",
    "Untitled.canvas"
  ]
}